_id,Cedula,Nombres,PrimerApellido,SegundoApellido,Correo,Telefono
666e40ab77b77cdbe2e75eb6,1001002009,Johan,Ramos,Mosquera,johan.ramos@unal.edu.co,3002003001
666e40ab77b77cdbe2e75eb7,1001002010,Brian,Pérez,Ortiz,brian.perez@unal.edu.co,3002003002
666e40ab77b77cdbe2e75eb8,1001002011,Gustavo,Cortés,López,gustavo.cortes@unal.edu.co,3002003003
666e40ab77b77cdbe2e75eb9,1001002012,John,Amaya,López,john.amaya@unal.edu.co,3002003004
666e40ab77b77cdbe2e75eba,1001002013,Lucho,Flores,Jiménez,lucho.flores@unal.edu.co,3002003005
666e40ab77b77cdbe2e75ebb,1001002014,Ximena,Peña,Alvarado,ximena.peña@unal.edu.co,3002003006
666e40ab77b77cdbe2e75ebc,1001002015,Eva,Ospina,Sánchez,eva.ospina@unal.edu.co,3002003007
666e40ab77b77cdbe2e75ebd,1001002016,Sara,Sánchez,Flores,sara.samchez@unal.edu.co,3002003008
666e40ab77b77cdbe2e75ebe,1001002017,Alejandra,Ramirez,Gonzales,alejandra.ramirez@unal.edu.co,3002003009
666e40ab77b77cdbe2e75ebf,1001002018,Paul,Gonzales,Garzón,paul.gonzales@unal.edu.co,3002003010
